{"cameraMode":{"drawMode":0,"name":"Shaded","section":"Shading Mode"},"sceneLighting":true,"audioPlay":false,"sceneViewState":{"showFog":true,"showMaterialUpdate":false,"showSkybox":true,"showFlares":true,"showImageEffects":true,"showParticleSystems":true},"in2DMode":false,"pivot":{"x":5.415438175201416,"y":1.9462774991989136,"z":13.924168586730957},"rotation":{"x":-0.025511855259537698,"y":0.9744452238082886,"z":-0.15206976234912873,"w":-0.16345959901809693},"size":13.393301010131836,"orthographic":false}